{
  "project_info": {
    "project_number": "828244583360",
    "firebase_url": "https://vistorias-bens-patrimoniais-default-rtdb.firebaseio.com",
    "project_id": "vistorias-bens-patrimoniais",
    "storage_bucket": "vistorias-bens-patrimoniais.appspot.com"
  },
  "client": [
    {
      "client_info": {
        "mobilesdk_app_id": "1:828244583360:android:93dabdbe2dca34acc31e25",
        "android_client_info": {
          "package_name": "com.example.patrimonio"
        }
      },
      "oauth_client": [
        {
          "client_id": "828244583360-4d6ki0f6crn6gh12ar8dji4sfl7k43cd.apps.googleusercontent.com",
          "client_type": 3
        }
      ],
      "api_key": [
        {
          "current_key": "AIzaSyDG8EU6JhbhRGhtKw2nHIWf4X7ZEkwgGhQ"
        }
      ],
      "services": {
        "appinvite_service": {
          "other_platform_oauth_client": [
            {
              "client_id": "828244583360-4d6ki0f6crn6gh12ar8dji4sfl7k43cd.apps.googleusercontent.com",
              "client_type": 3
            }
          ]
        }
      }
    },
    {
      "client_info": {
        "mobilesdk_app_id": "1:828244583360:android:3daa4def2d92155bc31e25",
        "android_client_info": {
          "package_name": "com.example.v_patrimonio_manoel_viana"
        }
      },
      "oauth_client": [
        {
          "client_id": "828244583360-4d6ki0f6crn6gh12ar8dji4sfl7k43cd.apps.googleusercontent.com",
          "client_type": 3
        }
      ],
      "api_key": [
        {
          "current_key": "AIzaSyDG8EU6JhbhRGhtKw2nHIWf4X7ZEkwgGhQ"
        }
      ],
      "services": {
        "appinvite_service": {
          "other_platform_oauth_client": [
            {
              "client_id": "828244583360-4d6ki0f6crn6gh12ar8dji4sfl7k43cd.apps.googleusercontent.com",
              "client_type": 3
            }
          ]
        }
      }
    },
    {
      "client_info": {
        "mobilesdk_app_id": "1:828244583360:android:d93e363af5b6cbd8c31e25",
        "android_client_info": {
          "package_name": "com.example.vistoria"
        }
      },
      "oauth_client": [
        {
          "client_id": "828244583360-4d6ki0f6crn6gh12ar8dji4sfl7k43cd.apps.googleusercontent.com",
          "client_type": 3
        }
      ],
      "api_key": [
        {
          "current_key": "AIzaSyDG8EU6JhbhRGhtKw2nHIWf4X7ZEkwgGhQ"
        }
      ],
      "services": {
        "appinvite_service": {
          "other_platform_oauth_client": [
            {
              "client_id": "828244583360-4d6ki0f6crn6gh12ar8dji4sfl7k43cd.apps.googleusercontent.com",
              "client_type": 3
            }
          ]
        }
      }
    },
    {
      "client_info": {
        "mobilesdk_app_id": "1:828244583360:android:93fbb9730ce370adc31e25",
        "android_client_info": {
          "package_name": "com.example.vistorias"
        }
      },
      "oauth_client": [
        {
          "client_id": "828244583360-4d6ki0f6crn6gh12ar8dji4sfl7k43cd.apps.googleusercontent.com",
          "client_type": 3
        }
      ],
      "api_key": [
        {
          "current_key": "AIzaSyDG8EU6JhbhRGhtKw2nHIWf4X7ZEkwgGhQ"
        }
      ],
      "services": {
        "appinvite_service": {
          "other_platform_oauth_client": [
            {
              "client_id": "828244583360-4d6ki0f6crn6gh12ar8dji4sfl7k43cd.apps.googleusercontent.com",
              "client_type": 3
            }
          ]
        }
      }
    },
    {
      "client_info": {
        "mobilesdk_app_id": "1:828244583360:android:7e3f6352d66a5f91c31e25",
        "android_client_info": {
          "package_name": "net.simplifiedcoding"
        }
      },
      "oauth_client": [
        {
          "client_id": "828244583360-4d6ki0f6crn6gh12ar8dji4sfl7k43cd.apps.googleusercontent.com",
          "client_type": 3
        }
      ],
      "api_key": [
        {
          "current_key": "AIzaSyDG8EU6JhbhRGhtKw2nHIWf4X7ZEkwgGhQ"
        }
      ],
      "services": {
        "appinvite_service": {
          "other_platform_oauth_client": [
            {
              "client_id": "828244583360-4d6ki0f6crn6gh12ar8dji4sfl7k43cd.apps.googleusercontent.com",
              "client_type": 3
            }
          ]
        }
      }
    }
  ],
  "configuration_version": "1"
}