{
  "project_info": {
    "project_number": "502340983509",
    "project_id": "aplicativo-vistoria-ef441",
    "storage_bucket": "aplicativo-vistoria-ef441.appspot.com"
  },
  "client": [
    {
      "client_info": {
        "mobilesdk_app_id": "1:502340983509:android:7852490343ec17a04c205c",
        "android_client_info": {
          "package_name": "com.vistoriapatrimonialmanoelviana"
        }
      },
      "oauth_client": [
        {
          "client_id": "502340983509-re54j4mpvdesod0kq3mui4uppcf9igb3.apps.googleusercontent.com",
          "client_type": 3
        }
      ],
      "api_key": [
        {
          "current_key": "AIzaSyCs3qpwUXfhelFHp0I1XtIHNi2JWaFOMa0"
        }
      ],
      "services": {
        "appinvite_service": {
          "other_platform_oauth_client": [
            {
              "client_id": "502340983509-re54j4mpvdesod0kq3mui4uppcf9igb3.apps.googleusercontent.com",
              "client_type": 3
            }
          ]
        }
      }
    }
  ],
  "configuration_version": "1"
}